jahr,faelle,aufgeklaert,aq_cyber,faelle_gesamt,aq_gesamt,anteil_cyber_pct
2016,107278,40242.0,37.511885009041926,6372526,56.2,1.68344546573839
2017,107920,42191.0,39.094699777613044,5761984,57.1,1.8729659783852228
2018,110079,41241.0,37.464911563513475,5555520,57.7,1.9814346811819594
2019,122800,39079.0,31.823289902280134,5436401,57.4674495130142,2.2588473514003105
2020,130477,41810.0,32.04396177104011,5310621,58.3811384770256,2.456906640485171
2021,146363,42939.0,29.337332522563763,5047860,58.7108794617917,2.8995059292452643
2022,136865,39937.0,29.1798487560735,5628584,57.331204437919,2.4316062441281856
2023,134407,43242.0,32.17243149538342,5940667,58.4067748621493,2.2624900537262906
2024,131391,41892.0,31.88346233760303,5837445,58.0034415741818,2.2508306288110638
2025,126034,39532.0,31.366139295745594,5508559,57.883250410860626,2.2879667804229746
