year,cases,cleared,clearance_rate,cases_all_crime,clearance_rate_all_crime,share_of_all_crime_pct
2016,107278,40242.0,37.511885009041926,6372526,56.2,1.6834454657383902
2017,107920,42191.0,39.094699777613044,5761984,57.1,1.8729659783852228
2018,110079,41241.0,37.464911563513475,5555520,57.7,1.9814346811819596
2019,122800,39079.0,31.82328990228013,5436401,57.4674495130142,2.2588473514003105
2020,130477,41810.0,32.04396177104011,5310621,58.3811384770256,2.456906640485171
2021,146363,42939.0,29.337332522563763,5047860,58.7108794617917,2.8995059292452643
2022,136865,39937.0,29.179848756073504,5628584,57.331204437919,2.4316062441281856
2023,134407,43242.0,32.17243149538343,5940667,58.4067748621493,2.26249005372629
2024,131391,41892.0,31.88346233760303,5837445,58.0034415741818,2.2508306288110638
2025,126034,39532.0,31.366139295745594,5508559,57.883250410860626,2.2879667804229746
