bundesland,faelle_2016,aufgeklaert_2016,hz_2016,aq_2016,faelle_2025,aufgeklaert_2025,hz_2025,aq_2025,hz_veraenderung_pct,rang_2016,rang_2025
Bremen,1860,509,276.99634692452145,27.365591397849464,3969,521,563.0737670613905,13.1267321743512,103.27840901628286,2,1
Berlin,22384,4544,635.9034906226678,20.300214438884918,18341,3835,497.6846983866832,20.9094378714356,-21.73581278829634,1,2
Hamburg,3629,915,203.03142875045876,25.213557453844032,6454,594,346.51139691769146,9.20359466997211,70.66884622261149,3,3
Hessen,7103,4302,115.00651212433851,60.565958045896096,13207,4229,210.2759954037651,32.0208980086318,82.83833803813356,10,4
Niedersachsen,8234,4506,103.87809450181597,54.72431382074326,13392,5385,167.3061203532168,40.2105734767025,61.060059058256996,11,5
Schleswig-Holstein,2103,1090,73.56454685568406,51.83071802187351,4183,986,141.34063092051844,23.571599330624,92.13145049040368,14,6
Thüringen,2716,965,125.12012176638652,35.53019145802651,2925,794,139.26734425982858,27.1452991452991,11.306912344488062,8,7
Sachsen-Anhalt,2902,1437,129.23797690461237,49.51757408683666,2720,1233,127.36485394950452,45.3308823529412,-1.4493595458325292,6,8
Nordrhein-Westfalen,22657,7253,126.81973473366232,32.01218166571038,22076,7419,122.41013783949323,33.606631636166,-3.477058916287601,7,9
Baden-Württemberg,6951,4253,63.89011084764189,61.1854409437491,13612,4914,121.03968931605107,36.1004995592125,89.44980327971759,15,10
Sachsen,3044,1778,74.51924195031839,58.40998685939554,4410,1575,109.09301403960299,35.7142857142857,46.3957646165198,13,11
Bayern,15033,4331,117.04740618494287,28.809951440164973,13758,4626,103.84236369916117,33.6240732664631,-11.281789931266683,9,12
Rheinland-Pfalz,2395,1344,59.09490295975402,56.116910229645086,3541,1554,85.7474472517592,43.8859079356114,45.10125739635551,16,13
Saarland,1798,426,180.59516049164472,23.692992213570633,845,408,83.48639171814995,48.2840236686391,-53.7715232839739,4,14
Brandenburg,2080,1126,83.7080745291622,54.13461538461538,1990,1174,77.83327798957033,58.9949748743718,-7.018195762638413,12,15
Mecklenburg-Vorpommern,2389,1430,148.16771915984128,59.85768103809125,611,285,38.82823874219384,46.6448445171849,-73.79440072212593,5,16
